file,label
CAF121 Hollways Doors -346638.pdf,timber door
CAF144 Brian Fell.pdf,timber door
CAF154 European Door Sets.pdf,timber door
CAF174 Arbor Forest Products Ltd - 503174.pdf,timber door
CAF182 Joseph Parr Limited.pdf,timber door
CAF187 Concept Doors Limited.pdf,timber door
CAF191 Select Timber.pdf,timber door
CAF194 Arnold Laver - 432894.pdf,timber door
CAF5005 Impact Facilities - 358816.pdf,timber door
CAF5006 AA Joinery.pdf,timber door
CAF5010 ABL Doors.pdf,timber door
CAF5018 Badman & Badman (Joinery) Ltd.pdf,timber door
CAF5025 Acorn Timber Solutions Ltd - 423365.pdf,timber door
CAF5028 Collinson Joinery - 396256.pdf,timber door
CAF5033 Balmoral Joinery.pdf,timber door
CAF5039 Stobbarts.pdf,timber door
CAF5043 Smith & Sons Joinery Ltd - 419837.pdf,timber door
CAF5048 - Dooria UK - 421223.pdf,timber door
CAF5050 - Sigma Leeds Ltd 423144.pdf,timber door
CAF5057 - A J Philpott & Sons Ltd.pdf,timber door
CAF5061 Solutions In Wood - 428692.pdf,timber door
CF177 Jeld Wen - 424807.pdf,timber door
CF192 Jeld-Wen UK - 414824.pdf,timber door
CF216 Sika Deutschland GMBH CF216 Extention.pdf,steelwork protection / intumescent coatings
CF240 Premdor Crosby.pdf,timber door
CF271 - Jeld Wen - 419111.pdf,timber door
CF331 Jeld Wen....pdf,timber door
CF380 Premdor Crosby.pdf,timber door
CF384 Sherwin Williams.pdf,steelwork protection / intumescent coatings
CF385 Hollways Doors & Frames Limited with Data Sheets.pdf,timber door
CF385 Hollways Doors & Frames Limited.....pdf,timber door
CF403 Hollways Doors & Frames Limited.....pdf,timber door
CF435 Halspan Limited - 430932.pdf,timber door
CF445 Nullifire Limited (Tremco-Illbruck).pdf,steelwork protection / intumescent coatings
CF534 Halspan Limited - 430932.pdf,timber door
CF573 Jeld Wen Extenstion_Part1.pdf,timber door
CF573 Jeld Wen Extenstion_Part3.pdf,timber door
CF575 Phillips Joinery with Data Sheets.pdf,timber door
CF575 Phillips Joinery.....pdf,timber door
CF625 Premdor.pdf,timber door
CF632 Norma Doors.....pdf,timber door
CF632 Norma Doors.pdf,timber door
CF700 Rudlof Hensel.pdf,steelwork protection / intumescent coatings
CF820 ZMR LTD.....pdf,timber door
CF821 Sika Deutschland GmbH.pdf,steelwork protection / intumescent coatings
CF845 Jotun AS.pdf,steelwork protection / intumescent coatings
CF5077 Sherwin Williams.pdf,steelwork protection / intumescent coatings
CF5133 CB Solutions.pdf,timber door
CF5144 Tremco CPG - 431142.pdf,steelwork protection / intumescent coatings
CF5146 Hempel AS.pdf,steelwork protection / intumescent coatings
CF5170 Jotun AS - 429612.pdf,steelwork protection / intumescent coatings
CF5171 Jotun AS.pdf,steelwork protection / intumescent coatings
CF5188 Sherwin Williams - 430281.pdf,steelwork protection / intumescent coatings
CF5201 Sherwin-Williams - Extention.pdf,steelwork protection / intumescent coatings
CF5229 Doorpac Ltd.pdf,timber door
CF5260 Pacific Rim Extension.pdf,timber door
CF5261 Pacific Rim.pdf,timber door
CF5267 Sherwin Williams 428574.pdf,steelwork protection / intumescent coatings
CF5267 Sherwin Williams.pdf,steelwork protection / intumescent coatings
CF5276 Jotun - 413464.pdf,steelwork protection / intumescent coatings
CF5279 AUDAX-Keck GmbH - 426542.pdf,steelwork protection / intumescent coatings
CF5279 AUDAX-Keck GmbH.pdf,steelwork protection / intumescent coatings
CF5290 Hempel Paints Emirates LLC - 422657.pdf,steelwork protection / intumescent coatings
CF5300 Sherwin Williams - Ext.pdf,steelwork protection / intumescent coatings
CF5300 Sherwin Williams..pdf,steelwork protection / intumescent coatings
CF5344 Rudolf Hensel - 429298.pdf,steelwork protection / intumescent coatings
CF5351 Al Jazeera.pdf,steelwork protection / intumescent coatings
CF5352 Audax-Keck - 428239.pdf,steelwork protection / intumescent coatings
CF5359 - Arabian Vermiculite Industries.pdf,steelwork protection / intumescent coatings
CF5365 Tremco CPG - 431169.pdf,steelwork protection / intumescent coatings
CF5389 Finsa UK Ltd -353455.....pdf,timber door
CF5396 - Sika Deutshcland - 417835.pdf,steelwork protection / intumescent coatings
CF5420 Tremco CPG - 431182.pdf,steelwork protection / intumescent coatings
CF5439 IDSL Extension.pdf,timber door
CF5464 JH Industries - 362542....pdf,timber door
CF5474 Jotun Abu Dhab.pdf,steelwork protection / intumescent coatings
CF5475 Jotun Abu Dhabi Ltd - 418630.pdf,steelwork protection / intumescent coatings
CF5478 Jeld-Wen - 371085.....pdf,timber door
CF5529 International Paint Ltd.pdf,steelwork protection / intumescent coatings
CF5533 Newmor Group (Morland UK) - 433566.pdf,timber door
CF5535 Halspan Limited - 430932.pdf,timber door
CF5583 Charcoat.pdf,steelwork protection / intumescent coatings
CF5590 Carboline.pdf,steelwork protection / intumescent coatings
CF5591 Carboline Company.pdf,steelwork protection / intumescent coatings
CF5591 Carboline.pdf,steelwork protection / intumescent coatings
CF5592 Multifire.pdf,steelwork protection / intumescent coatings
CF5593 Multifire.pdf,steelwork protection / intumescent coatings
CF5594 Multifire.pdf,steelwork protection / intumescent coatings
CF5595 Firetherm.pdf,steelwork protection / intumescent coatings
CF5601 KCC 1.pdf,steelwork protection / intumescent coatings
CF5601 KCC.pdf,steelwork protection / intumescent coatings
CF5627 National Fire Fighting - 431888.pdf,steelwork protection / intumescent coatings
CF5631 Jotun AS - 427336.pdf,steelwork protection / intumescent coatings
CF5644 Sherwin williams.pdf,steelwork protection / intumescent coatings
CF5655 Newmor Group.pdf,timber door
CF5725 Tor Coatings (Tremco Illbruck Ltd).pdf,steelwork protection / intumescent coatings
CF5767 Tremco CPG - 431166.pdf,steelwork protection / intumescent coatings
CF5870 Decor Ireland - 428442.pdf,steelwork protection / intumescent coatings
OLD - CAF187 Concept Doors Limited.pdf,timber door
OLD CAF5008 Pendle Doors Ltd.pdf,timber door
Rebranded CF218 Vicaima Limited 18.11.2020.pdf,timber door
